{
  "checkpoint": "checkpoints/best.pth",
  "split": "val",
  "n_samples": 5791,
  "n_tools": 21,
  "n_affordance_classes": 7,
  "affordance_classes": [
    "grasp",
    "cut",
    "scoop",
    "contain",
    "pound",
    "support",
    "wrap-grasp"
  ],
  "elapsed_s": 166.81850743293762,
  "overall": {
    "iou@0.3": 0.7676559934160022,
    "iou@0.4": 0.7691279261805113,
    "iou@0.5": 0.769702524830642,
    "iou@0.6": 0.769601685349609,
    "iou@0.7": 0.7688498761028211,
    "angle_deg_mean": 24.264615985894736,
    "frac_le_11.25": 0.19518337443283115,
    "frac_le_22.5": 0.5531320138914024,
    "frac_le_30.0": 0.7326674218098336
  },
  "per_class_overall": {
    "iou@0.3": {
      "grasp": 0.68194580078125,
      "cut": 0.8585245609283447,
      "scoop": 0.7220221161842346,
      "contain": 0.8165850639343262,
      "pound": 0.7813281416893005,
      "support": 0.5148876905441284,
      "wrap-grasp": 0.8723756074905396
    },
    "iou@0.4": {
      "grasp": 0.6835340261459351,
      "cut": 0.8632733225822449,
      "scoop": 0.7165457010269165,
      "contain": 0.8196675181388855,
      "pound": 0.796424925327301,
      "support": 0.522350013256073,
      "wrap-grasp": 0.8774866461753845
    },
    "iou@0.5": {
      "grasp": 0.6841562986373901,
      "cut": 0.8664627075195312,
      "scoop": 0.7109414935112,
      "contain": 0.8236680626869202,
      "pound": 0.8078515529632568,
      "support": 0.5259804129600525,
      "wrap-grasp": 0.8813366889953613
    },
    "iou@0.6": {
      "grasp": 0.6839967370033264,
      "cut": 0.8692675232887268,
      "scoop": 0.7039186954498291,
      "contain": 0.8263661861419678,
      "pound": 0.8184579014778137,
      "support": 0.534020721912384,
      "wrap-grasp": 0.8844135999679565
    },
    "iou@0.7": {
      "grasp": 0.6830133199691772,
      "cut": 0.8721374869346619,
      "scoop": 0.6948891282081604,
      "contain": 0.8291105031967163,
      "pound": 0.8201215267181396,
      "support": 0.549325704574585,
      "wrap-grasp": 0.886839747428894
    }
  },
  "per_tool": {
    "bowl_02": {
      "n_samples": 230,
      "iou@0.3": 0.9741359303826871,
      "iou@0.4": 0.9756248878396075,
      "iou@0.5": 0.9768953129001285,
      "iou@0.6": 0.977899727354879,
      "iou@0.7": 0.9787654109623121,
      "angle_deg_mean": 22.437197394992996,
      "iou@0.5_per_class": {
        "grasp": null,
        "cut": null,
        "scoop": null,
        "contain": 0.9768954515457153,
        "pound": null,
        "support": null,
        "wrap-grasp": null
      }
    },
    "bowl_03": {
      "n_samples": 248,
      "iou@0.3": 0.9201900659789962,
      "iou@0.4": 0.9205717386737946,
      "iou@0.5": 0.9223137376529555,
      "iou@0.6": 0.9219396836575,
      "iou@0.7": 0.9210074066875442,
      "angle_deg_mean": 22.143421465350734,
      "iou@0.5_per_class": {
        "grasp": null,
        "cut": null,
        "scoop": 0.0,
        "contain": 0.9272949695587158,
        "pound": null,
        "support": null,
        "wrap-grasp": null
      }
    },
    "cup_05": {
      "n_samples": 225,
      "iou@0.3": 0.9375217456287808,
      "iou@0.4": 0.9397156694200304,
      "iou@0.5": 0.9412101668781704,
      "iou@0.6": 0.9424134590890673,
      "iou@0.7": 0.9432690707842509,
      "angle_deg_mean": 23.915549307929144,
      "iou@0.5_per_class": {
        "grasp": null,
        "cut": null,
        "scoop": null,
        "contain": 0.955600917339325,
        "pound": null,
        "support": null,
        "wrap-grasp": 0.9268196821212769
      }
    },
    "knife_01": {
      "n_samples": 242,
      "iou@0.3": 0.8847289826443865,
      "iou@0.4": 0.8878644103538399,
      "iou@0.5": 0.8897673068645079,
      "iou@0.6": 0.8912203680138943,
      "iou@0.7": 0.8917596312162798,
      "angle_deg_mean": 21.59326294039892,
      "iou@0.5_per_class": {
        "grasp": 0.853757381439209,
        "cut": 0.9257772564888,
        "scoop": null,
        "contain": null,
        "pound": null,
        "support": null,
        "wrap-grasp": null
      }
    },
    "knife_02": {
      "n_samples": 271,
      "iou@0.3": 0.8369645102437572,
      "iou@0.4": 0.8384301482091531,
      "iou@0.5": 0.8390195776615635,
      "iou@0.6": 0.8389022295325445,
      "iou@0.7": 0.8382270032629315,
      "angle_deg_mean": 22.710991877031503,
      "iou@0.5_per_class": {
        "grasp": 0.7958323955535889,
        "cut": 0.8822065591812134,
        "scoop": null,
        "contain": null,
        "pound": null,
        "support": null,
        "wrap-grasp": null
      }
    },
    "knife_04": {
      "n_samples": 365,
      "iou@0.3": 0.8867251434554793,
      "iou@0.4": 0.8903406401203103,
      "iou@0.5": 0.8927887052705843,
      "iou@0.6": 0.8946292880463274,
      "iou@0.7": 0.8958133511347314,
      "angle_deg_mean": 26.021933547764608,
      "iou@0.5_per_class": {
        "grasp": 0.8509425520896912,
        "cut": 0.9346352219581604,
        "scoop": null,
        "contain": null,
        "pound": null,
        "support": null,
        "wrap-grasp": null
      }
    },
    "knife_10": {
      "n_samples": 242,
      "iou@0.3": 0.8194039991079283,
      "iou@0.4": 0.8216254366330864,
      "iou@0.5": 0.8232681108407738,
      "iou@0.6": 0.8246501413258639,
      "iou@0.7": 0.8250193847112419,
      "angle_deg_mean": 25.421052625356626,
      "iou@0.5_per_class": {
        "grasp": 0.8592406511306763,
        "cut": 0.7872955203056335,
        "scoop": null,
        "contain": null,
        "pound": null,
        "support": null,
        "wrap-grasp": null
      }
    },
    "mallet_01": {
      "n_samples": 325,
      "iou@0.3": 0.7629688608646393,
      "iou@0.4": 0.7705294910761026,
      "iou@0.5": 0.7759362187752357,
      "iou@0.6": 0.7800890515400813,
      "iou@0.7": 0.782903796159304,
      "angle_deg_mean": 23.568382838322567,
      "iou@0.5_per_class": {
        "grasp": 0.7315924763679504,
        "cut": null,
        "scoop": null,
        "contain": null,
        "pound": 0.8202800154685974,
        "support": null,
        "wrap-grasp": null
      }
    },
    "mug_11": {
      "n_samples": 297,
      "iou@0.3": 0.7810960241439768,
      "iou@0.4": 0.7847246290858747,
      "iou@0.5": 0.7872892802813237,
      "iou@0.6": 0.7892501013046161,
      "iou@0.7": 0.790621705729552,
      "angle_deg_mean": 21.43640504059968,
      "iou@0.5_per_class": {
        "grasp": 0.5065203309059143,
        "cut": null,
        "scoop": null,
        "contain": 0.9001495838165283,
        "pound": null,
        "support": null,
        "wrap-grasp": 0.8626713156700134
      }
    },
    "mug_12": {
      "n_samples": 257,
      "iou@0.3": 0.802492326567609,
      "iou@0.4": 0.8068977666272263,
      "iou@0.5": 0.8102324231589351,
      "iou@0.6": 0.8123378633061271,
      "iou@0.7": 0.8139316288877554,
      "angle_deg_mean": 20.63013971825982,
      "iou@0.5_per_class": {
        "grasp": 0.5796653032302856,
        "cut": null,
        "scoop": null,
        "contain": 0.92063307762146,
        "pound": null,
        "support": null,
        "wrap-grasp": 0.8719161748886108
      }
    },
    "mug_20": {
      "n_samples": 342,
      "iou@0.3": 0.7420405318513948,
      "iou@0.4": 0.74367573491314,
      "iou@0.5": 0.744685054871074,
      "iou@0.6": 0.7450406955696686,
      "iou@0.7": 0.7448645199251454,
      "angle_deg_mean": 23.373019318831595,
      "iou@0.5_per_class": {
        "grasp": 0.2093900591135025,
        "cut": null,
        "scoop": null,
        "contain": 0.9251552820205688,
        "pound": null,
        "support": null,
        "wrap-grasp": 0.8747018575668335
      }
    },
    "scissors_06": {
      "n_samples": 306,
      "iou@0.3": 0.8038683705080568,
      "iou@0.4": 0.8070981393452563,
      "iou@0.5": 0.8090359463411219,
      "iou@0.6": 0.8102601378961326,
      "iou@0.7": 0.8102364070664824,
      "angle_deg_mean": 27.350879407396505,
      "iou@0.5_per_class": {
        "grasp": 0.8056856989860535,