{
  "checkpoint": "../checkpoints/best.pth",
  "split": "val",
  "n_samples": 5791,
  "n_tools": 21,
  "elapsed_s": 154.97910404205322,
  "overall": {
    "iou@0.3": 0.7132612413527498,
    "iou@0.4": 0.7130787734813093,
    "iou@0.5": 0.7127856449469913,
    "iou@0.6": 0.7123952862009331,
    "iou@0.7": 0.7118746896850363,
    "angle_deg_mean": 24.376434605112188,
    "frac_le_11.25": 0.202990966321227,
    "frac_le_22.5": 0.5504768475618107,
    "frac_le_30.0": 0.7229204326559545
  },
  "per_tool": {
    "trowel_02": {
      "n_samples": 230,
      "iou@0.3": 0.7440689545610677,
      "iou@0.4": 0.7423843600179838,
      "iou@0.5": 0.7410932981449625,
      "iou@0.6": 0.7396212244811265,
      "iou@0.7": 0.7375775364430054,
      "angle_deg_mean": 26.356040805319083
    },
    "cup_05": {
      "n_samples": 225,
      "iou@0.3": 0.9388769994841681,
      "iou@0.4": 0.9390423440933228,
      "iou@0.5": 0.938979024887085,
      "iou@0.6": 0.9388225245475769,
      "iou@0.7": 0.9387131394280328,
      "angle_deg_mean": 21.645759421454535
    },
    "scissors_06": {
      "n_samples": 306,
      "iou@0.3": 0.8084469410329084,
      "iou@0.4": 0.808261334116942,
      "iou@0.5": 0.8078858273870805,
      "iou@0.6": 0.8075484259455812,
      "iou@0.7": 0.8069963636351567,
      "angle_deg_mean": 28.23232046139786
    },
    "knife_02": {
      "n_samples": 271,
      "iou@0.3": 0.8001725295372994,
      "iou@0.4": 0.7992819205641306,
      "iou@0.5": 0.79811547108242,
      "iou@0.6": 0.7971431358933889,
      "iou@0.7": 0.7961226763320585,
      "angle_deg_mean": 22.95095248063992
    },
    "trowel_01": {
      "n_samples": 318,
      "iou@0.3": 0.8643616475399185,
      "iou@0.4": 0.8654598365039945,
      "iou@0.5": 0.8664237935588045,
      "iou@0.6": 0.867326020069842,
      "iou@0.7": 0.8680972247003759,
      "angle_deg_mean": 22.41042465233953
    },
    "bowl_03": {
      "n_samples": 248,
      "iou@0.3": 0.0,
      "iou@0.4": 0.0,
      "iou@0.5": 0.0,
      "iou@0.6": 0.0,
      "iou@0.7": 0.0,
      "angle_deg_mean": null
    },
    "bowl_02": {
      "n_samples": 230,
      "iou@0.3": 0.0,
      "iou@0.4": 0.0,
      "iou@0.5": 0.0,
      "iou@0.6": 0.0,
      "iou@0.7": 0.0,
      "angle_deg_mean": null
    },
    "spoon_03": {
      "n_samples": 314,
      "iou@0.3": 0.7688349022227488,
      "iou@0.4": 0.7701407512471934,
      "iou@0.5": 0.7710464396484339,
      "iou@0.6": 0.7718589811757871,
      "iou@0.7": 0.7727662843124122,
      "angle_deg_mean": 22.54490363977517
    },
    "spoon_07": {
      "n_samples": 286,
      "iou@0.3": 0.7412171873387757,
      "iou@0.4": 0.7412707011599641,
      "iou@0.5": 0.7412494581479293,
      "iou@0.6": 0.7410216264791422,
      "iou@0.7": 0.7407163825485256,
      "angle_deg_mean": 21.706093574737334
    },
    "trowel_04": {
      "n_samples": 181,
      "iou@0.3": 0.8764002869800968,
      "iou@0.4": 0.8768418269921403,
      "iou@0.5": 0.8774566880905825,
      "iou@0.6": 0.8780899110419974,
      "iou@0.7": 0.8786586154231709,
      "angle_deg_mean": 22.350109427014768
    },
    "mug_11": {
      "n_samples": 297,
      "iou@0.3": 0.885689130134454,
      "iou@0.4": 0.8856833878189626,
      "iou@0.5": 0.885704410999311,
      "iou@0.6": 0.8855257351390441,
      "iou@0.7": 0.885280521429749,
      "angle_deg_mean": 19.860006939281117
    },
    "mallet_01": {
      "n_samples": 325,
      "iou@0.3": 0.7742851826777825,
      "iou@0.4": 0.775071198114982,
      "iou@0.5": 0.7757867167546199,
      "iou@0.6": 0.7762030312648186,
      "iou@0.7": 0.7764360702954806,
      "angle_deg_mean": 25.26619975750263
    },
    "mug_12": {
      "n_samples": 257,
      "iou@0.3": 0.9099750363409287,
      "iou@0.4": 0.9103417950845414,
      "iou@0.5": 0.9106062286558783,
      "iou@0.6": 0.9107236720708558,
      "iou@0.7": 0.9105947493115287,
      "angle_deg_mean": 18.84471969010765
    },
    "scoop_01": {
      "n_samples": 325,
      "iou@0.3": 0.5519693876430393,
      "iou@0.4": 0.5493658640099546,
      "iou@0.5": 0.5463980230037123,
      "iou@0.6": 0.5436872110816722,
      "iou@0.7": 0.5406598041421519,
      "angle_deg_mean": 32.39630129887507
    },
    "turner_06": {
      "n_samples": 265,
      "iou@0.3": 0.11806084568807768,
      "iou@0.4": 0.11532929576241481,
      "iou@0.5": 0.11269822084072556,
      "iou@0.6": 0.10973381873402516,
      "iou@0.7": 0.10644523032297346,
      "angle_deg_mean": 25.223564558209112
    },
    "spoon_08": {
      "n_samples": 261,
      "iou@0.3": 0.825056015760049,
      "iou@0.4": 0.8251075728642986,
      "iou@0.5": 0.8251255236822983,
      "iou@0.6": 0.8250970899830377,
      "iou@0.7": 0.8248256154900766,
      "angle_deg_mean": 19.5177498375319
    },
    "knife_01": {
      "n_samples": 242,
      "iou@0.3": 0.8649076076459201,
      "iou@0.4": 0.8653311073512593,
      "iou@0.5": 0.8654714790673173,
      "iou@0.6": 0.8654628196776429,
      "iou@0.7": 0.865586459006025,
      "angle_deg_mean": 27.408676998674377
    },
    "mug_20": {
      "n_samples": 342,
      "iou@0.3": 0.8879368533516487,
      "iou@0.4": 0.8873046460556008,
      "iou@0.5": 0.8866847213248761,
      "iou@0.6": 0.8859001980190389,
      "iou@0.7": 0.8850424850893299,
      "angle_deg_mean": 22.14772503836113
    },
    "knife_04": {
      "n_samples": 365,
      "iou@0.3": 0.857194506777578,
      "iou@0.4": 0.8575556041105101,
      "iou@0.5": 0.8577688013120516,
      "iou@0.6": 0.8577724404728729,
      "iou@0.7": 0.857772984166872,
      "angle_deg_mean": 31.208784889848264
    },
    "spoon_09": {
      "n_samples": 261,
      "iou@0.3": 0.7206899744112373,
      "iou@0.4": 0.7203362642348498,
      "iou@0.5": 0.7197273807507365,
      "iou@0.6": 0.719075676010943,
      "iou@0.7": 0.7183440836910087,
      "angle_deg_mean": 25.969155834095687
    },
    "knife_10": {
      "n_samples": 242,
      "iou@0.3": 0.8613783276278125,
      "iou@0.4": 0.8614611288240134,
      "iou@0.5": 0.8612878014726087,
      "iou@0.6": 0.8608300432193378,
      "iou@0.7": 0.8599631643492328,
      "angle_deg_mean": 23.245054268639937
    }
  }
}