{
  "checkpoint": "checkpoints/best.pth",
  "split": "val",
  "n_samples": 5791,
  "n_tools": 21,
  "n_affordance_classes": 7,
  "affordance_classes": [
    "grasp",
    "cut",
    "scoop",
    "contain",
    "pound",
    "support",
    "wrap-grasp"
  ],
  "elapsed_s": 7672.410671949387,
  "overall": {
    "iou@0.3": 0.7595387233999845,
    "iou@0.4": 0.7593594404997922,
    "iou@0.5": 0.7588678495117346,
    "iou@0.6": 0.7582332887832334,
    "iou@0.7": 0.7572665161422149,
    "angle_deg_mean": 24.190656767383878,
    "frac_le_11.25": 0.1973578560993814,
    "frac_le_22.5": 0.5574586717622553,
    "frac_le_30.0": 0.7353060755668331
  },
  "per_class_overall": {
    "iou@0.3": {
      "grasp": 0.6798689365386963,
      "cut": 0.8500804305076599,
      "scoop": 0.6350890398025513,
      "contain": 0.88397616147995,
      "pound": 0.7761951684951782,
      "support": 0.5905250310897827,
      "wrap-grasp": 0.8889114856719971
    },
    "iou@0.4": {
      "grasp": 0.6805248260498047,
      "cut": 0.8543936610221863,
      "scoop": 0.6302852034568787,
      "contain": 0.884869396686554,
      "pound": 0.777480959892273,
      "support": 0.5940738916397095,
      "wrap-grasp": 0.8894258737564087
    },
    "iou@0.5": {
      "grasp": 0.6808454394340515,
      "cut": 0.8572266101837158,
      "scoop": 0.6255089640617371,
      "contain": 0.8846502304077148,
      "pound": 0.7781675457954407,
      "support": 0.5975620746612549,
      "wrap-grasp": 0.8896807432174683
    },
    "iou@0.6": {
      "grasp": 0.680830180644989,
      "cut": 0.8599500060081482,
      "scoop": 0.621279239654541,
      "contain": 0.8857823014259338,
      "pound": 0.776125431060791,
      "support": 0.5995153784751892,
      "wrap-grasp": 0.8896924257278442
    },
    "iou@0.7": {
      "grasp": 0.6805451512336731,
      "cut": 0.8630600571632385,
      "scoop": 0.616243839263916,
      "contain": 0.8849992752075195,
      "pound": 0.7751754522323608,
      "support": 0.6011422276496887,
      "wrap-grasp": 0.8895418643951416
    }
  },
  "per_tool": {
    "bowl_02": {
      "n_samples": 230,
      "iou@0.3": 0.9810787167238153,
      "iou@0.4": 0.9811470977638079,
      "iou@0.5": 0.981158380145612,
      "iou@0.6": 0.9811292645723924,
      "iou@0.7": 0.9808556191299272,
      "angle_deg_mean": 22.424958005158796,
      "iou@0.5_per_class": {
        "grasp": null,
        "cut": null,
        "scoop": null,
        "contain": 0.9811584949493408,
        "pound": null,
        "support": null,
        "wrap-grasp": null
      }
    },
    "bowl_03": {
      "n_samples": 248,
      "iou@0.3": 0.8388207016452667,
      "iou@0.4": 0.8385103294445623,
      "iou@0.5": 0.8381730763902587,
      "iou@0.6": 0.8424403827276922,
      "iou@0.7": 0.8461477022257543,
      "angle_deg_mean": 21.92781695242851,
      "iou@0.5_per_class": {
        "grasp": null,
        "cut": null,
        "scoop": 0.0,
        "contain": 0.9061402082443237,
        "pound": null,
        "support": null,
        "wrap-grasp": null
      }
    },
    "cup_05": {
      "n_samples": 225,
      "iou@0.3": 0.9456278472476536,
      "iou@0.4": 0.9457837020026313,
      "iou@0.5": 0.9458348274230957,
      "iou@0.6": 0.9457811935742696,
      "iou@0.7": 0.9454610456360711,
      "angle_deg_mean": 23.26985009935167,
      "iou@0.5_per_class": {
        "grasp": null,
        "cut": null,
        "scoop": null,
        "contain": 0.9577451348304749,
        "pound": null,
        "support": null,
        "wrap-grasp": 0.9339244961738586
      }
    },
    "knife_01": {
      "n_samples": 242,
      "iou@0.3": 0.8942964241709098,
      "iou@0.4": 0.89554874996139,
      "iou@0.5": 0.8963811031180965,
      "iou@0.6": 0.8969005773321164,
      "iou@0.7": 0.8971090766116361,
      "angle_deg_mean": 21.3695934941946,
      "iou@0.5_per_class": {
        "grasp": 0.857441246509552,
        "cut": 0.9353209733963013,
        "scoop": null,
        "contain": null,
        "pound": null,
        "support": null,
        "wrap-grasp": null
      }
    },
    "knife_02": {
      "n_samples": 271,
      "iou@0.3": 0.8418126948645194,
      "iou@0.4": 0.8412109732187982,
      "iou@0.5": 0.8403573953357569,
      "iou@0.6": 0.8390052160213795,
      "iou@0.7": 0.8373306358432417,
      "angle_deg_mean": 23.152277049103347,
      "iou@0.5_per_class": {
        "grasp": 0.786690354347229,
        "cut": 0.8940241932868958,
        "scoop": null,
        "contain": null,
        "pound": null,
        "support": null,
        "wrap-grasp": null
      }
    },
    "knife_04": {
      "n_samples": 365,
      "iou@0.3": 0.89361342942878,
      "iou@0.4": 0.8947255466898827,
      "iou@0.5": 0.8953290040362372,
      "iou@0.6": 0.8955847653624129,
      "iou@0.7": 0.8957766482274826,
      "angle_deg_mean": 26.178354535037524,
      "iou@0.5_per_class": {
        "grasp": 0.8446148037910461,
        "cut": 0.9460430145263672,
        "scoop": null,
        "contain": null,
        "pound": null,
        "support": null,
        "wrap-grasp": null
      }
    },
    "knife_10": {
      "n_samples": 242,
      "iou@0.3": 0.8302887353030118,
      "iou@0.4": 0.8314451067900854,
      "iou@0.5": 0.8325901558576536,
      "iou@0.6": 0.8333433016765216,
      "iou@0.7": 0.8337337731822463,
      "angle_deg_mean": 25.178926278736967,
      "iou@0.5_per_class": {
        "grasp": 0.8602162003517151,
        "cut": 0.804964005947113,
        "scoop": null,
        "contain": null,
        "pound": null,
        "support": null,
        "wrap-grasp": null
      }
    },
    "mallet_01": {
      "n_samples": 325,
      "iou@0.3": 0.7806567311286926,
      "iou@0.4": 0.7815906272484706,
      "iou@0.5": 0.7817318091025719,
      "iou@0.6": 0.7812898294742291,
      "iou@0.7": 0.7800947420413678,
      "angle_deg_mean": 23.60601838331956,
      "iou@0.5_per_class": {
        "grasp": 0.7565637826919556,
        "cut": null,
        "scoop": null,
        "contain": null,
        "pound": 0.806899905204773,
        "support": null,
        "wrap-grasp": null
      }
    },
    "mug_11": {
      "n_samples": 297,
      "iou@0.3": 0.7893345452318288,
      "iou@0.4": 0.7896195120281644,
      "iou@0.5": 0.7895805679186426,
      "iou@0.6": 0.7893215809205566,
      "iou@0.7": 0.7888985099615874,
      "angle_deg_mean": 21.194531797158596,
      "iou@0.5_per_class": {
        "grasp": 0.5006528496742249,
        "cut": null,
        "scoop": null,
        "contain": 0.9055263996124268,
        "pound": null,
        "support": null,
        "wrap-grasp": 0.8653368353843689
      }
    },
    "mug_12": {
      "n_samples": 257,
      "iou@0.3": 0.8166967546893464,
      "iou@0.4": 0.8171388365415284,
      "iou@0.5": 0.817334788318738,
      "iou@0.6": 0.8171508687943336,
      "iou@0.7": 0.8168163798198625,
      "angle_deg_mean": 20.59678836926412,
      "iou@0.5_per_class": {
        "grasp": 0.5819968581199646,
        "cut": null,
        "scoop": null,
        "contain": 0.914595901966095,
        "pound": null,
        "support": null,
        "wrap-grasp": 0.896144449710846
      }
    },
    "mug_20": {
      "n_samples": 342,
      "iou@0.3": 0.748476551290144,
      "iou@0.4": 0.7482720568166141,
      "iou@0.5": 0.7479197977230563,
      "iou@0.6": 0.7473402947013141,
      "iou@0.7": 0.7465748711984758,
      "angle_deg_mean": 22.96254499335038,
      "iou@0.5_per_class": {
        "grasp": 0.21903842687606812,
        "cut": null,
        "scoop": null,
        "contain": 0.924964964389801,
        "pound": null,
        "support": null,
        "wrap-grasp": 0.8768588900566101
      }
    },
    "scissors_06": {
      "n_samples": 306,
      "iou@0.3": 0.8102665713020399,
      "iou@0.4": 0.8113917743458468,
      "iou@0.5": 0.8119372879368028,
      "iou@0.6": 0.812287800257502,
      "iou@0.7": 0.8120059819003336,
      "angle_deg_mean": 27.0785899068795,
      "iou@0.5_per_class": {
        "grasp": 0.7995468378067017,